style_number, astro_sign
36302, Taurus
36465, Taurus
36329, Taurus
36452, Sagittarius
36726, Libra
36752, Cancer
36272, Cancer
36303, Scorpio
36468, Scorpio
36698, Scorpio
36458, Gemini
36322, Gemini
35232, Taurus
36752, Taurus
36154, Taurus
36689, Libra
36689, Libra
36457, Aquarius
36321, Aquarius
35223, Sagittarius
36449, Sagittarius
36681, Sagittarius
, Sagittarius
36298, Sagittarius
36682, Sagittarius
36318, Pisces
-, ERROR
-, ERROR
36680, Libra
34101, Aquarius
36685, Aquarius
36315, Taurus
34106, Aquarius
36686, Aquarius
36463, Gemini
36327, Gemini
36304, Gemini
-, Cancer
-, ERROR
4088, Virgo
04251, Aries
37275, Aries
36331, Aquarius
36444, Leo
36790, Leo
36469, Gemini
36699, Gemini
36553, Libra
36330, Aries
36679, ERROR
38839, Taurus
36453, Taurus
35000, Scorpio
36299, Scorpio
34109, Scorpio
36279, Leo
35224, Aries
36443, Virgo
36276, Virgo
36287, Gemini
36287, Gemini
36459, Gemini
36323, Gemini
36278, Libra
36460, Pisces
36324, Pisces
None, Capricorn
41171, ERROR
41726, ERROR
41728, ERROR
42303, Pisces
42294, ERROR
41222, ERROR
41189, ERROR
41229, ERROR
41701, Taurus
41192, ERROR
41170, ERROR
42183, Sagittarius
41734, ERROR
42301, Leo
41196, ERROR
36657, Leo
41206, Leo
36656, Gemini
41204, Gemini
42185, Sagittarius
41230, ERROR
36561, Sagittarius
36419, Sagittarius
36845, Sagittarius
41280, ERROR
96324, ERROR
41213, ERROR
37219, Virgo
36885, Virgo
36217, Taurus
35212, Cancer
37267, Cancer
36896, Cancer
36563, Taurus
36421, Taurus
36895, Taurus
90257, ERROR
37097, ERROR
37217, ERROR
36747, Taurus
40553, Gemini
40329, Taurus
35038, Gemini
36862, Gemini
37156, Gemini
37230, Gemini
37227, Cancer
37338, Aquarius
37047, Taurus
36170, Taurus
35004, Taurus
37091, Taurus
37211, Taurus
35039, Capricorn
36858, Capricorn
37158, Capricorn
36846, Capricorn
96337, ERROR
41299, ERROR
35013, Sagittarius
36839, Sagittarius
37076, Sagittarius
37255, Sagittarius
37191, Sagittarius
36666, Gemini
35024, Sagittarius
36836, Sagittarius
37096, Sagittarius
37216, Sagittarius
36947, Taurus
37064, Aquarius
37178, Aquarius
36273, Sagittarius
36198, Capricorn
36847, Taurus
35028, Libra
37224, Libra
36830, Sagittarius
37082, Sagittarius
36661, Aquarius
36660, Aquarius
37089, Aquarius
37209, Aquarius
36942, Pisces
36664, Taurus
37179, Taurus
36887, Capricorn
36426, Libra
, Libra
-, Pisces
36200, Capricorn
36663, Aquarius
36662, Aquarius
37069, Taurus
36445, Virgo
36275, Virgo
36285, Scorpio
36827, Taurus
37208, Taurus
41281, ERROR
90252, ERROR
96321, ERROR
41210, ERROR
37159, Scorpio
36876, Scorpio
36280, Aries
37161, ERROR
36868, ERROR
35009, Capricorn
37070, Capricorn
37185, Capricorn
37080, Libra
37193, Libra
35311, Aries
36672, Aries
36764, Taurus
35308, Leo
36762, Leo
35306, Virgo
36677, Taurus
35307, Libra
35305, Taurus
35310, Sagittarius
35302, Aquarius
35303, Leo
35301, Gemini
35300, Pisces
36761, Cancer
35309, Scorpio
36785, Scorpio
36673, Scorpio
35304, Sagittarius
36678, Taurus
36855, Scorpio
35110, Libra
37147, Libra
37236, Libra
36949, Cancer
37199, Aquarius
37077, Capricorn
37195, Capricorn
04194, Aries
35005, Gemini
37063, Gemini
37174, Gemini
35032, Aquarius
37072, Aquarius
37146, Aquarius
37176, Aquarius
37260, Pisces
36879, Pisces
36564, Cancer
36422, Cancer
36941, Cancer
36665, Taurus
41278, ERROR
96320, ERROR
41209, ERROR
36099, Gemini
37162, Gemini
36864, Gemini
11, Aquarius
11, Aquarius
11, Aquarius
6, Taurus
6, Taurus
6, Taurus
3, Capricorn
3, Capricorn
3, Capricorn
9, Virgo
9, Virgo
9, Virgo
12, Leo
12, Leo
12, Leo
8, Aries
8, Aries
8, Aries
1, Aquarius
1, Aquarius
1, Aquarius
9, Pisces
9, Pisces
9, Pisces
10, Cancer
10, Cancer
10, Cancer
5, Aries
5, Aries
5, Aries
2, Taurus
2, Taurus
2, Taurus
7, Leo
7, Leo
7, Leo
36558, Aries
36416, Aries
36214, Aries
41279, ERROR
96323, ERROR
41212, ERROR
90258, ERROR
37098, ERROR
37218, ERROR
36642, Scorpio
36027, Scorpio
99999, Scorpio
37145, Scorpio
37223, Scorpio
36554, Virgo
36295, Virgo
36408, Virgo
36880, Virgo
37265, Leo
36886, Leo
37073, Leo
37188, Leo
36413, Libra
36210, Libra
36555, Leo
36296, Leo
36409, Leo
04327, ERROR
40180, Aquarius
4092, Cancer
40069, Leo
46067, ERROR
46067, ERROR
40449, ERROR
4247, Aries
36881, Leo
35006, Pisces
37065, Pisces
37175, Pisces
35036, Aries
36860, Aries
37154, Aries
37229, Aries
37272, Aquarius
36894, Aquarius
37200, Pisces
37200, Pisces
36282, ERROR
35019, Aquarius
37085, Aquarius
37198, Aquarius
36218, Taurus
35106, Sagittarius
36853, Sagittarius
37249, Sagittarius
37148, Sagittarius
37239, Sagittarius
35206, Scorpio
36856, Scorpio
37165, Scorpio
37215, Scorpio
37203, Taurus
35008, Gemini
37068, Gemini
37177, Gemini
36206, Aquarius
36142, ERROR
36277, Libra
35007, Cancer
37066, Cancer
37171, Cancer
36414, Pisces
36211, Pisces
35020, Taurus
36840, Taurus
37086, Taurus
37201, Taurus
35025, Virgo
37143, Virgo
37221, Virgo
36205, Aries
36448, Aquarius
36281, Aquarius
36450, Aries
36283, Aries
42343, ERROR
35023, Scorpio
36835, Scorpio
37095, Scorpio
37183, Scorpio
36630, Leo
37339, Gemini
35219, Libra
36297, Libra
37281, Libra
36257, Libra
36893, Taurus
36427, Sagittarius
36212, Sagittarius
35217, Capricorn
36424, Capricorn
36221, Capricorn
42248, Cancer
04237, Leo
04264, Aquarius
36631, Aries
35111, Libra
37234, Libra
37081, Libra
37194, Libra
36889, Pisces
36284, Taurus
35204, Aquarius
37151, Aquarius
37246, Aquarius
37241, Scorpio
37241, Scorpio
41277, ERROR
90253, ERROR
96322, ERROR
41211, ERROR
37231, Cancer
37263, Pisces
36851, Pisces
41197, ERROR
41215, ERROR
36202, Aries
37196, Sagittarius
37196, Sagittarius
35040, Gemini
36859, Gemini
37157, Gemini
36852, Gemini
36852, Gemini
36560, Capricorn
36418, Capricorn
36216, Capricorn
-, ERROR
36676, Virgo
36671, Taurus
36786, Leo
36674, Leo
36782, Libra
36670, Libra
36781, Gemini
36669, Gemini
36675, Sagittarius
36780, Pisces
36668, Pisces
36832, Cancer
37083, Cancer
37258, Scorpio
36872, Scorpio
07413, Aries
36293, Aries
37280, Aries
N/A, ERROR
09300, ERROR
04062, Aquarius
04549, ERROR
36948, Aries
35022, Virgo
36834, Virgo
37094, Virgo
37182, Virgo
37067, Taurus
37172, Taurus
36207, Libra
35029, ERROR
37225, Sagittarius
36258, Leo
42129, Aquarius
37048, Aries
36171, Aries
36557, Pisces
36415, Pisces
36213, Pisces
36884, Aquarius
37160, Aquarius
37226, Aquarius
36838, Leo
37075, Leo
37190, Leo
04381, Aries
47167, ERROR
41064, ERROR
, ERROR
37163, Cancer
36865, Cancer
35021, Leo
36833, Leo
37093, Leo
37181, Leo
36223, Sagittarius
37279, ERROR
36867, ERROR
36850, Cancer
35037, Taurus
36861, Taurus
37155, Taurus
36252, Leo
36288, Aries
6090, ERROR
37228, Taurus
37278, ERROR
36866, ERROR
37232, Aries
36829, Pisces
37090, Aquarius
37210, Aquarius
42286, Pisces
36250, Taurus
35211, Virgo
36891, Virgo
37266, Virgo
36898, Virgo
36842, Sagittarius
36855, Virgo
36411, Libra
36208, Libra
35216, Sagittarius
36423, Sagittarius
36220, Sagittarius
99991, Taurus
37079, Libra
37192, Libra
35210, Pisces
36892, Pisces
-, Pisces
-, Pisces
37262, Pisces
36848, Pisces
35011, Virgo
37205, Virgo
37142, Virgo
37220, Virgo
36259, Scorpio
35026, Libra
37144, Libra
37204, Libra
37222, Libra
37206, Leo
36843, Gemini
36566, Sagittarius
36751, Sagittarius
36428, Sagittarius
36256, Sagittarius
37152, Sagittarius
37247, Sagittarius
36438, Taurus
36432, Virgo
36263, Virgo
36431, Sagittarius
36262, Sagittarius
36436, Aries
36266, Aries
36437, Cancer
36267, Cancer
36434, Aquarius
36264, Aquarius
-, Aquarius
-, Aquarius
36439, Gemini
36269, Gemini
36430, Pisces
36261, Pisces
36268, Taurus
36270, Leo
36270, Leo
36435, Pisces
36265, Pisces
36429, Libra
36260, Libra
36883, Scorpio
36562, Libra
36420, Libra
36899, Libra
35213, Gemini
37273, Gemini
36153, Gemini
35034, Capricorn
37245, Capricorn
37150, Capricorn
37242, Capricorn
37184, Cancer
37187, Taurus
36199, Taurus
99998, Taurus
41275, ERROR
90256, ERROR
96336, ERROR
41300, ERROR
36253, Aries
36815, Virgo
36888, Pisces
37180, Scorpio
35012, Gemini
99997, Gemini
36837, Gemini
37074, Gemini
37189, Gemini
41177, ERROR
37257, Sagittarius
36871, Sagittarius
37259, Pisces
36878, Pisces
37153, Libra
37250, Libra
09307, ERROR
35031, Gemini
37071, Gemini
37061, Gemini
37173, Gemini
36559, Pisces
36417, Pisces
36215, Pisces
41217, Cancer
41216, Sagittarius
96317, ERROR
96316, ERROR
37274, Aries
37248, Scorpio
36412, Libra
36209, Libra
37197, Leo
99992, ERROR
36667, Gemini
37099, Libra
35205, Pisces
37256, Pisces
37164, Pisces
36869, Pisces
37213, Gemini
41276, ERROR
90250, ERROR
96319, ERROR
41208, ERROR
35207, Aries
36857, Aries
37166, Aries
37214, Aries
35033, Pisces
37233, Pisces
35218, Capricorn
36425, Capricorn
36222, Capricorn
36849, Aries
35215, Sagittarius
36410, Sagittarius
36219, Sagittarius
36841, Capricorn
35010, Taurus
37092, Taurus
37212, Taurus
37088, Gemini
37207, Gemini
37277, Taurus
37276, Taurus
35208, Capricorn
36890, Capricorn
37261, Capricorn
36877, Capricorn
35203, Sagittarius
37254, Sagittarius
37251, Sagittarius
37240, Sagittarius
37235, Libra
36565, Scorpio
37264, Scorpio
36870, Scorpio
36204, Taurus
36294, Libra
36407, Libra
36882, Libra
37268, Virgo
36897, Virgo
35214, Capricorn
36749, Capricorn
36406, Capricorn
36659, Capricorn
36644, Gemini
36844, Aquarius
36863, Gemini
35035, Aquarius
37244, Aquarius
37149, Aquarius
37243, Aquarius
36993, Sagittarius
44097, Capricorn
40048, Aries
04232, Aries
04437, Aries
46163, ERROR
04180, Sagittarius
04394, Sagittarius
04394, Sagittarius
04394, Sagittarius
04394, Sagittarius
46121, Capricorn
04018, Aries
04190, Pisces
40505, ERROR
46156, Aquarius
40767, Aquarius
04702, Taurus
40087, Gemini
40190, Virgo
40982, Pisces
47117, Aries
37169, Gemini
04425, Cancer
04576, Pisces
44026, Sagittarius
40434, Scorpio
04802, ERROR
04322, ERROR
47154, Capricorn
46093, Scorpio
04100, Libra
40153, Virgo
47039, ERROR
40393, ERROR
40452, ERROR
37051, Taurus
36176, Taurus
37049, Aries
36174, Aries
37050, Pisces
36176, Pisces
40622, ERROR
40453, ERROR
40445, ERROR
40720, ERROR
40692, ERROR
40454, ERROR
40729, ERROR
40451, ERROR
40327, ERROR
40327, ERROR
47099, ERROR
40594, ERROR
40387, Gemini
40362, Leo
04171, Pisces
47106, ERROR
47085, ERROR
44016, Cancer
04326, ERROR
40559, ERROR
40552, Virgo
04110, Libra
40401, ERROR
04365, Libra
04365, Libra
04365, Libra
04365, Libra
04365, Libra
40585, Virgo
40410, Scorpio
40670, ERROR
40409, Cancer
47035, Cancer
47035, Cancer
46007, Gemini
46169, ERROR
04582, Taurus
04341, Libra
44061, Cancer
06433, Scorpio
40142, Libra
40652, Pisces
40841, ERROR
36822, Taurus
04027, Virgo
04027, ERROR
40775, ERROR
40423, ERROR
40423, ERROR
40423, ERROR
04383, Leo
46141, Aquarius
46157, Aquarius
04639, Taurus
40091, Taurus
47034, Virgo
40417, Virgo
40730, Taurus
40730, Taurus
40730, Taurus
40730, Taurus
47065, Taurus
40479, Taurus
40479, Taurus
40374, Taurus
40374, Taurus
04008, Virgo
04008, Virgo
04008, Virgo
40626, Aquarius
40135, Scorpio
40641, Scorpio
40043, Cancer
40176, Cancer
46077, ERROR
46054, Aquarius
04551, ERROR
04387, ERROR
04585, Aquarius
04585, Aquarius
04585, Aquarius
04806, ERROR
04585, Aquarius
04585, Aquarius
04585, Aquarius
04585, Aquarius
04585, Aquarius
04585, Aquarius
47008, Aries
04350, Taurus
47023, Taurus
47049, Gemini
47024, Taurus
47052, Cancer
47050, Taurus
47051, Cancer
04706, Taurus
04352, Sagittarius
04368, Leo
47031, Virgo
46138, ERROR
44113, Leo
04006, Taurus
04006, Taurus
40684, Cancer
46090, Aries
47150, ERROR
04624, Pisces
46229, ERROR
46189, ERROR
44012, Gemini
04421, Gemini
04413, Gemini
44105, Gemini
44087, Gemini
40018, Libra
40230, Cancer
44051, Gemini
48424, ERROR
40504, ERROR
40149, Aries
40627, Scorpio
04052, Aries
40181, Virgo
40027, Libra
47094, Aquarius
04502, Aquarius
04502, Aquarius
49029, Scorpio
04130, Capricorn
40687, Taurus
40178, Sagittarius
40151, Libra
47133, Leo
41140, Aries
47043, ERROR
47043, ERROR
47043, ERROR
04376, Libra
47043, ERROR
47043, ERROR
47043, ERROR
04515, ERROR
04515, ERROR
04515, ERROR
48401, ERROR
44027, Capricorn
40116, Scorpio
04511, Virgo
40046, Aries
40614, Scorpio
04704, Cancer
40877, Aries
04629, Libra
None, ERROR
04079, Pisces
44118, Virgo
42068, Scorpio
40493, Cancer
-, ERROR
36196, Cancer
40702, Capricorn
40701, Capricorn
46212, ERROR
40356, Taurus
40390, ERROR
40035, ERROR
40215, ERROR
04578, Libra
47089, Leo
02012, ERROR
40768, Aries
40896, Aquarius
04160, Scorpio
04810, ERROR
40134, Pisces
40002, Virgo
40298, ERROR
40123, ERROR
04988, Leo
04904, ERROR
04901, ERROR
04902, ERROR
04903, ERROR
04989, Sagittarius
47046, Cancer
40876, Aries
47074, Capricorn
47075, Capricorn
04037, Libra
04037, Libra
40630, Leo
48427, ERROR
49038, Cancer
49035, Virgo
49000, Aries
49000, Aries
49000, Aries
49038, Gemini
04996, Leo
04993, Cancer
04992, Pisces
04991, Cancer
47012, Libra
04503, Pisces
40644, Gemini
04083, Virgo
04373, Taurus
40066, Pisces
41142, Gemini
42051, Libra
40826, Sagittarius
47097, Libra
40770, ERROR
40911, ERROR
46172, ERROR
-, Leo
37059, Scorpio
36638, Gemini
-, Gemini
36823, Gemini
47082, Sagittarius
47082, Sagittarius
40503, ERROR
40878, Capricorn
40878, Pisces
47149, ERROR
40772, ERROR
40803, Sagittarius
40803, Cancer
40803, Cancer
40482, Aries
42109, Capricorn
40980, ERROR
37335, Cancer
37833, Cancer
37535, Cancer
37136, Cancer
37326, Virgo
37826, Virgo
37526, Virgo
37130, Virgo
37334, Taurus
37533, Taurus
37139, Taurus
37332, Taurus
37534, Taurus
37138, Taurus
37327, Cancer
37827, Cancer
37527, Cancer
37131, Cancer
37328, Scorpio
37528, Scorpio
37135, Scorpio
37337, ERROR
37834, ERROR
37537, ERROR
37140, ERROR
40914, ERROR
40802, ERROR
40653, ERROR
46108, Aquarius
40693, ERROR
42099, Pisces
40746, Aries
46110, Leo
40781, Scorpio
40788, Pisces
40634, ERROR
40798, ERROR
40742, ERROR
04596, Taurus
40724, Aquarius
None, ERROR
40887, Capricorn
36291, Scorpio
36402, Scorpio
36292, Pisces
36643, Pisces
40809, Virgo
40869, ERROR
46160, ERROR
40742, ERROR
47130, ERROR
40742, ERROR
40804, ERROR
42056, Capricorn
40464, Taurus
42069, Scorpio
42117, Leo
42111, Leo
46151, ERROR
40884, Aries
36168, ERROR
36167, ERROR
36169, ERROR
-, ERROR
-, ERROR
-, ERROR
-, ERROR
-, ERROR
-, ERROR
-, ERROR
41722, ERROR
41720, ERROR
41723, ERROR
41717, ERROR
-, ERROR
-, ERROR
-, ERROR
-, ERROR
-, ERROR
-, ERROR
41705, ERROR
41710, ERROR
41713, ERROR
41709, ERROR
40502, ERROR
40689, Pisces
41712, ERROR
42108, Aquarius
41101, ERROR
41013, ERROR
46215, ERROR
46194, ERROR
40886, ERROR
04409, ERROR
04412, ERROR
04506, ERROR
40935, ERROR
47113, ERROR
40799, ERROR
46063, ERROR
40756, ERROR
40318, ERROR
04628, Aquarius
40753, Capricorn
37037, Pisces
36150, Pisces
36615, Aries
37035, Aries
36147, Aries
-, Taurus
36522, Gemini
36922, Gemini
36960, ERROR
36060, Taurus
36818, Scorpio
37037, Pisces
36150, Pisces
36505, ERROR
99994, Taurus
36803, Taurus
36904, ERROR
36008, ERROR
36008, ERROR
36111, ERROR
33003, Virgo
34105, Virgo
36739, Virgo
36187, Libra
36821, Scorpio
36136, Scorpio
36135, Cancer
41153, Pisces
36165, Pisces
36616, Capricorn
99996, Capricorn
37038, Capricorn
36828, Capricorn
36151, Capricorn
37034, Sagittarius
36108, Pisces
36090, Scorpio
36120, ERROR
36943, Pisces
36103, Pisces
36131, Aries
36140, Cancer
36192, Taurus
36617, Pisces
37039, Pisces
36156, Pisces
36123, Taurus
36605, Sagittarius
36814, Sagittarius
37011, Sagittarius
36126, Sagittarius
36634, Capricorn
37054, Capricorn
36189, Capricorn
36101, Aries
36600, Leo
37000, Leo
36105, Leo
36639, Cancer
37058, Cancer
36824, Cancer
36178, Cancer
36124, Aquarius
36024, Sagittarius
41108, Libra
36805, Taurus
36603, Virgo
37010, Virgo
36122, Virgo
36614, Aquarius
37043, Aquarius
36146, Aquarius
36185, Scorpio
36806, Leo
36587, Capricorn
33007, Pisces
36161, Scorpio
36807, Gemini
36612, Scorpio
04193, Libra
36743, Leo
36608, Leo
36729, Virgo
36738, Virgo
36730, Virgo
36137, Scorpio
36142, ERROR
36602, Cancer
36813, Cancer
36991, Cancer
36121, Cancer
36721, Cancer
36723, Cancer
36722, Cancer
36133, Aquarius
36018, Aquarius
36939, Capricorn
41125, Capricorn
36021, Taurus
36141, Aquarius
36130, Aquarius
36618, Aries
37040, Aries
36611, Aries
36157, Aries
37167, Taurus
36138, Libra
36937, Aquarius
36029, Aquarius
33000, Scorpio
36817, Scorpio
36742, Scorpio
36742, Scorpio
33002, Libra
34104, Libra
36740, Libra
36950, Gemini
36128, Gemini
36149, Aquarius
41109, Libra
37168, Capricorn
36573, Aquarius
36400, Pisces
36160, Pisces
36734, Virgo
36647, Sagittarius
36197, ERROR
36604, Pisces
36405, Pisces
37031, Pisces
36290, Pisces
36196, Gemini
-, Scorpio
36289, Scorpio
36404, ERROR
36606, Aries
36609, Aries
36624, Pisces
37046, Pisces
36164, Pisces
36938, Sagittarius
41120, Sagittarius
36816, Aquarius
37044, Aquarius
36741, Aquarius
37128, Leo
37126, Scorpio
37127, Capricorn
36720, Pisces
36055, Virgo
36055, Virgo
36812, Gemini
36623, ERROR
37045, Aries
36145, Aries
36641, Leo
36826, Leo
36177, Leo
36744, Taurus
36811, Taurus
36019, Scorpio
36162, Pisces
36183, Leo
36184, Aries
36640, Scorpio
36825, Scorpio
36179, Scorpio
36998, Virgo
36173, Virgo
36950, Scorpio
36172, Scorpio
36132, Pisces
36155, Aries
41128, Virgo
41131, Virgo
41130, Virgo
41129, Virgo
36619, Taurus
36819, Taurus
36158, Taurus
36158, Taurus
37329, Capricorn
37829, Capricorn
36820, Libra
36139, Libra
37012, Taurus
36125, Taurus
36191, Sagittarius
36194, Gemini
36102, Aquarius
36999, Aquarius
36028, Aquarius
41132, Aries
41127, Cancer
41200, Virgo
37056, Libra
41121, Libra
38236, ERROR
38034, Scorpio
41107, ERROR
41201, Leo
37030, Capricorn
41126, Capricorn
41135, Aries
41134, Aries
41133, Aries
36152, Capricorn
41151, ERROR
41147, ERROR
36401, Gemini
36166, Gemini
36537, Aquarius
36957, Aquarius
36057, Aquarius
36968, Leo
36746, Leo
36737, Aries
36725, Aries
36637, Libra
37052, Libra
36186, Libra
36710, Capricorn
36036, Gemini
41110, Virgo
41110, Virgo
36944, Pisces
36104, Pisces
36745, Taurus
36635, Virgo
37065, Virgo
36190, Virgo
37529, Capricorn
36620, Gemini
37036, Gemini
36148, Gemini
36636, Virgo
37053, Virgo
36188, Virgo
36629, Aquarius
36182, Aquarius
36613, Taurus
37042, Taurus
36159, Taurus
39666, Aries
36127, Aries
36193, Virgo
36628, Virgo
36181, Virgo
42133, ERROR
37134, Capricorn
37134, Capricorn
37330, Taurus
37830, Taurus
37133, Taurus
37333, Aries
37532, Aries
37137, Aries
37331, Virgo
37531, Virgo
37132, Virgo
36180, Aquarius
36023, Aquarius
36163, Scorpio
00004, ERROR
00003, ERROR
00001, ERROR
00002, ERROR
36610, Libra
46005, Sagittarius
04295, Taurus
40172, Scorpio
41146, Gemini
36129, Sagittarius
40047, Aquarius
04019, Taurus
48403, ERROR
47091, Pisces
47042, Gemini
49021, Taurus
40881, Taurus
44207, ERROR
04259, Taurus
04121, Aquarius
04604, Gemini
04315, Virgo
04012, Pisces
48432, ERROR
40897, Capricorn
40446, Aquarius
40025, Capricorn
36106, Aries
36107, Taurus
38068, ERROR
75017, ERROR
75023, ERROR
75013, ERROR
75009, ERROR
75015, ERROR
75010, ERROR
75018, ERROR
75022, ERROR
75021, ERROR
75014, ERROR
75008, ERROR
75012, ERROR
75024, ERROR
75020, ERROR
75016, ERROR
75019, ERROR
75025, ERROR
75011, ERROR
40088, Sagittarius
04509, Virgo
40089, Leo
40792, Aries
40660, Gemini
40678, Cancer
47045, Virgo
04301, Taurus
40240, Scorpio
04359, Leo
04250, Taurus
42022, Scorpio
42048, Capricorn
42006, Aries
42009, Pisces
42001, Leo
42021, Gemini
42005, Gemini
42032, Gemini
47096, Taurus
42030, Capricorn
36712, Aries
34108, Virgo
36728, Virgo
34107, Pisces
36727, Pisces
42028, Cancer
44124, Pisces
42045, Aries
42011, Pisces
42014, Taurus
42023, Scorpio
42035, Leo
42003, Cancer
42036, Virgo
44125, Aries
42010, Aries
42040, Libra
44186, Cancer
42026, Cancer
42047, Sagittarius
42002, Gemini
42015, Virgo
42034, Virgo
40472, Libra
04245, Aries
04245, Aries
40654, Capricorn
40314, Capricorn
40977, Aquarius
04568, Virgo
40349, Libra
42008, Aries
42004, Aries
42043, Leo
42027, Leo
42042, Cancer
42016, Capricorn
42041, Cancer
36548, Libra
36964, Libra
36064, Libra
40859, ERROR
40850, ERROR
46165, ERROR
40403, Taurus
42039, ERROR
42039, ERROR
46085, Scorpio
40080, Aries
40971, ERROR
38862, ERROR
38232, ERROR
38347, ERROR
38947, ERROR
38547, ERROR
38047, ERROR
37315, Scorpio
37915, Scorpio
37515, Scorpio
37115, Scorpio
37302, Libra
37902, Libra
37502, Libra
37102, Libra
37320, Gemini
37920, Gemini
37520, Gemini
37120, Gemini
37300, Capricorn
37900, Capricorn
37500, Capricorn
37100, Capricorn
37118, Capricorn
37314, Capricorn
37914, Capricorn
37514, Capricorn
37114, Capricorn
37306, Taurus
37506, Taurus
37106, Taurus
37319, Leo
37919, Leo
37519, Leo
37119, Leo
37304, Pisces
37504, Pisces
37104, Pisces
37324, Aries
37924, Aries
37524, Aries
37124, Aries
37311, Capricorn
37911, Capricorn
37511, Capricorn
37111, Capricorn
37301, Leo
37901, Leo
37501, Leo
37101, Leo
37323, Libra
37923, Libra
37523, Libra
37123, Libra
37303, Capricorn
37503, Capricorn
37103, Capricorn
42000, Libra
42037, Cancer
37307, Capricorn
37907, Capricorn
37507, Capricorn
37107, Capricorn
37321, Taurus
37921, Taurus
37521, Taurus
37121, Taurus
37109, Scorpio
37110, Capricorn
37312, Pisces
37912, Pisces
37512, Pisces
37112, Pisces
37116, Libra
37313, Scorpio
37913, Scorpio
37513, Scorpio
37113, Scorpio
37325, Taurus
37525, Taurus
37525, Taurus
37125, Taurus
37305, Gemini
37905, Gemini
37505, Gemini
37105, Gemini
37308, Taurus
37908, Taurus
37508, Taurus
37108, Taurus
36091, Sagittarius
36719, Pisces
36093, Sagittarius
36714, Gemini
36589, Taurus
36809, Taurus
36989, Taurus
36109, Taurus
36715, Leo
36582, Scorpio
36982, Scorpio
36082, Scorpio
36708, Capricorn
36529, Aquarius
36929, Aquarius
36022, Aquarius
36702, Capricorn
36572, Aquarius
36972, Aquarius
36072, Aquarius
36595, Virgo
36995, Virgo
36095, Virgo
36596, Leo
36996, Leo
36096, Leo
36711, ERROR
36590, Pisces
36810, Pisces
36990, Pisces
36110, Pisces
36597, Gemini
36997, Gemini
36097, Gemini
36594, ERROR
36094, ERROR
36094, ERROR
36583, Aquarius
36983, Aquarius
36588, Gemini
36808, Gemini
36988, Gemini
36088, Gemini
36586, Capricorn
36986, Capricorn
36804, Virgo
36717, Virgo
36992, Capricorn
36092, Capricorn
36981, Aries
36081, Aries
36117, ERROR
36089, Libra
36116, ERROR
36585, Taurus
36985, Taurus
36085, Taurus
36114, ERROR
36113, ERROR
36713, Aries
36706, Aquarius
36115, ERROR
36054, ERROR
36584, Taurus
36984, Taurus
36084, Taurus
36974, Aries
36074, Aries
36112, ERROR
36119, ERROR
36118, ERROR
36506, ERROR
36912, Sagittarius
36010, Sagittarius
36933, Scorpio
36512, Aquarius
36911, Aquarius
36017, Aquarius
36550, Libra
36966, Libra
36066, Libra
36527, Aries
36927, Aries
36041, Aries
36578, Leo
36978, Leo
36078, Leo
36551, Scorpio
36967, Scorpio
36067, Scorpio
36503, ERROR
36902, ERROR
36006, Taurus
36006, ERROR
36709, Scorpio
36009, ERROR
36511, Capricorn
36910, Capricorn
36016, Capricorn
36915, Capricorn
36024, Capricorn
36704, Aquarius
36507, ERROR
36801, Libra
36801, Libra
36905, ERROR
36011, Libra
36540, Taurus
36940, Taurus
36026, Taurus
36026, Taurus
36987, Capricorn
36087, Capricorn
36546, Capricorn
36962, Capricorn
36062, Capricorn
36542, Taurus
36952, Taurus
36052, Taurus
36510, Aries
36909, Aries
36015, Aries
36530, Taurus
36930, Taurus
36043, Taurus
36579, Virgo
36979, Virgo
36079, Virgo
36525, Capricorn
36925, Capricorn
36039, Capricorn
36971, Sagittarius
36071, Sagittarius
36958, Pisces
36058, Pisces
36934, ERROR
36046, Scorpio
, Pisces
36059, Pisces
36524, Libra
36924, Libra
36038, Libra
36521, Aries
36921, Aries
36035, Aries
36007, ERROR
36931, Aries
36044, Aries
36931, Aries
36044, Aries
36523, Aquarius
36923, Aquarius
36037, Aquarius
36526, Cancer
36040, Cancer
36040, Cancer
36083, Aquarius
36073, Aquarius
36073, Aquarius
36086, Aquarius
36514, Scorpio
36914, Scorpio
36547, Virgo
36804, Virgo
36963, Virgo
36063, Virgo
36001, ERROR
04077, Virgo
36004, ERROR
36004, ERROR
36520, Virgo
36920, Virgo
36034, Virgo
36536, ERROR
36956, Aquarius
36056, Aquarius
36580, Cancer
36980, Cancer
36080, Cancer
36027, ERROR
36545, Sagittarius
36961, Sagittarius
36061, Sagittarius
36955, Virgo
36055, Virgo
36707, Taurus
36919, Aries
36033, Aries
36025, Sagittarius
36047, Scorpio
36701, Aquarius
36513, ERROR
36019, Scorpio
36528, Virgo
36928, Virgo
36042, Virgo
36936, Sagittarius
36048, Sagittarius
36703, Capricorn
36575, Libra
36975, Libra
36075, Libra
36576, Cancer
36976, Cancer
36076, Cancer
36541, Gemini
36951, Gemini
36051, Gemini
36543, Taurus
36953, Taurus
36053, Taurus
36537, Aquarius
36057, Aquarius
36537, Aquarius
36957, Aquarius
36057, Aquarius
36518, Leo
36508, ERROR
36802, Leo
36906, ERROR
36012, ERROR
36012, Leo
36935, Sagittarius
36049, Sagittarius
36501, ERROR
36800, Leo
36901, ERROR
36003, ERROR
36069, Sagittarius
36003, ERROR
36003, ERROR
36918, Aquarius
36032, Aquarius
36032, Aquarius
36500, ERROR
36900, ERROR
36000, Leo
36544, Taurus
36954, Taurus
36054, Taurus
36515, Capricorn
36916, Capricorn
36030, Capricorn
36917, Aquarius
36050, Sagittarius
36549, Leo
36965, Leo
36065, Leo
36504, ERROR
36903, ERROR
36007, ERROR
36001, ERROR
36577, Leo
36977, Leo
36077, Leo
36509, Scorpio
36908, Scorpio
36014, Scorpio
36705, Libra
36002, ERROR
36502, ERROR
36907, Gemini
N/A, ERROR
36005, ERROR
36005, ERROR
36970, Sagittarius
36070, Sagittarius
04248, Pisces
04255, Gemini
04254, Pisces
04304, Gemini
04408, ERROR
04408, ERROR
04408, ERROR
04408, ERROR
04408, ERROR
04408, ERROR
04408, ERROR
04408, ERROR
04408, ERROR
04408, ERROR
04408, ERROR
04408, ERROR
04408, ERROR
04408, ERROR
04408, ERROR
04408, ERROR
04408, ERROR
04408, ERROR
04408, ERROR
04408, ERROR
04408, ERROR
04408, ERROR
04408, ERROR
04408, ERROR
04408, ERROR
04408, ERROR
04408, ERROR
04408, ERROR
04408, ERROR
04408, ERROR
04408, ERROR
04408, ERROR
04408, ERROR
04408, ERROR
04620, ERROR
04385, Pisces
40361, Leo
04340, Cancer
04292, Taurus
40562, Pisces
40476, Aquarius
04512, Virgo
04575, Cancer
40645, Leo
40685, Sagittarius
40225, Aquarius
04804, ERROR
04212, Gemini
48423, ERROR
04417, Sagittarius
46075, ERROR
46017, ERROR
40292, ERROR
40083, ERROR
44206, ERROR
40415, Cancer
04308, Cancer
04354, Libra
04803, ERROR
04227, Libra
04285, Aquarius
40456, Pisces
04615, Aquarius
04045, Libra
4016, Gemini
04603, Libra
04985, Aquarius
04078, Cancer
40482, Cancer
04183, Virgo
49014, ERROR
04085, ERROR
46038, ERROR
04601, Sagittarius
04601, Sagittarius
04374, Taurus
04528, ERROR
48412, ERROR
40653, Pisces
40124, Sagittarius
04536, Aries
40266, Leo
40266, Leo
40266, Leo
47080, Scorpio
40022, Leo
04567, Scorpio
44046, ERROR
44046, Aries
04067, Leo
04067, Leo
04001, Capricorn
04595, Libra
40351, Cancer
40344, ERROR
04424, Cancer
40343, Taurus
04596, Taurus
04163, Sagittarius
40248, Aquarius
40628, ERROR
40010, Libra
04436, Pisces
04011, Cancer
40152, Libra
49009, Pisces
47092, Virgo
04253, ERROR
40186, Gemini
None, ERROR
None, ERROR
None, ERROR
None, ERROR
None, ERROR
None, ERROR
None, ERROR
None, ERROR
None, ERROR
None, ERROR
None, ERROR
None, ERROR
None, ERROR
None, ERROR
48422, ERROR
40888, ERROR
40839, ERROR
40839, ERROR
40900, ERROR
46136, Scorpio
40104, Cancer
40120, Aquarius
04980, Libra
40156, Virgo
04009, Cancer
40678, Cancer
04109, Libra
40239, Capricorn
44100, ERROR
40489, ERROR
40039, Sagittarius
40039, Sagittarius
04397, Leo
04211, Aquarius
46072, Scorpio
04429, Scorpio
46062, Gemini
40613, Libra
48428, ERROR
40464, Taurus
40085, Libra
04543, Scorpio
40221, Sagittarius
47030, ERROR
04316, Cancer
40385, Leo
04544, Sagittarius
47029, Leo
40187, Leo
04074, Aquarius
44024, ERROR
36031, Aquarius
40177, Sagittarius
40425, ERROR
40222, ERROR
04535, Capricorn
40448, ERROR
40424, ERROR
40223, ERROR
04534, Pisces
42007, Aries
40376, Aries
40422, Scorpio
40279, Libra
40095, Aquarius
04379, Libra
44116, Scorpio
40578, Scorpio
40579, Libra
40579, Scorpio
40848, Scorpio
4090, Scorpio
40847, Scorpio
40575, Libra
04035, Scorpio
04035, Scorpio
36913, Scorpio
36068, Scorpio
36020, Scorpio
46025, Capricorn
40404, ERROR
04626, Aquarius
04271, Aquarius
05447, ERROR
04371, ERROR
40090, Capricorn
40571, ERROR
40728, ERROR
40665, ERROR
48406, ERROR
04314, Aries
40110, ERROR
40300, ERROR
40794, Virgo
04206, Aries
04199, Aries
04071, ERROR
04024, Aries
04288, ERROR
40092, Leo
40339, Virgo
46006, Capricorn
44102, Aries
04555, ERROR
04635, Leo
04625, Leo
46018, Virgo
04391, ERROR
46044, Gemini
46044, Gemini
04195, Scorpio
40395, Aries
04422, Leo
40655, Leo
40238, ERROR
40501, ERROR
40278, Libra
46122, Cancer
44122, Capricorn
44122, Capricorn
46088, Aquarius
40721, ERROR
40705, Capricorn
40705, Capricorn
44096, Capricorn
46051, Aquarius
40458, ERROR
40443, Capricorn
44064, Capricorn
40274, ERROR
40274, Capricorn
40158, ERROR
40139, Capricorn
40011, ERROR
46183, ERROR
46185, ERROR
46182, ERROR
46181, ERROR
46184, ERROR
46180, ERROR
40028, Capricorn
04565, ERROR
04564, Sagittarius
04382, ERROR
04395, Capricorn
04266, ERROR
04332, Capricorn
04000, Capricorn
04060, ERROR
04013, ERROR
04024, ERROR
04008, Virgo
04050, ERROR
04010, ERROR
04026, ERROR
04067, ERROR
04062, ERROR
04228, ERROR
04257, Capricorn
04204, Capricorn
04200, Capricorn
40655, Leo
None, ERROR
40624, Gemini
04506, ERROR
04409, ERROR
04412, ERROR
04243, Pisces
40161, Aquarius
48404, ERROR
04246, Aries
04300, ERROR
04032, Pisces
36045, Scorpio
04268, Pisces
04005, Taurus
04000, Capricorn
04022, Cancer
04026, Gemini
04025, Capricorn
04020, Taurus
04010, Scorpio
04021, Taurus
04015, Taurus
40359, Gemini
40341, Cancer
46035, ERROR
48402, ERROR
40368, Aries
44077, ERROR
04628, Aquarius
44043, Aquarius
48409, ERROR
40392, Capricorn
04362, Taurus
40380, Capricorn
40327, ERROR
44054, Taurus
04210, Leo
